time,1 year yield,2 year yield,3 year yield,4 year yield,5 year yield,10 year yield,20 year yield
0.0,0.0791828214411803,0.0785167412449817,0.07775190103087565,0.07690071218628963,0.07597457868714994,0.07055271600277703,0.05831155329529454
0.019267822736030827,0.07883922784253206,0.07818178747098445,0.07742536732171275,0.07658235885175087,0.07566416268454117,0.0702784840264134,0.05809457272790752
0.038535645472061654,0.08066125126814404,0.07995948641768898,0.07916004547453719,0.0782752411264304,0.07731643085277384,0.07174441439716246,0.059261341770386645
0.057803468208092484,0.08212245229652955,0.0813872467231353,0.08055560593862214,0.0796395189479329,0.07865022258939923,0.07293659445146902,0.060219866796093605
0.07707129094412331,0.07884949380620239,0.07819465328387142,0.07744110468049338,0.07660088651573232,0.07568528274979029,0.07030914190994525,0.05813201828724753
0.09633911368015413,0.0790850034567333,0.07842304089480036,0.07766240955672167,0.07681531006737605,0.07589307771244938,0.07048767645947941,0.0582677426412308
0.11560693641618497,0.07582528148570289,0.07524260399470413,0.07455892401265814,0.07378658486817843,0.07293699962247957,0.06786491570148166,0.05618015874875369
0.13487475915221578,0.07770042178321683,0.07707211409153858,0.07634414434327937,0.07552877647684812,0.07463737970500975,0.06937347541566963,0.05738079550527253
0.15414258188824662,0.0746933964651886,0.07413965249273048,0.07348422584588515,0.07273933584449184,0.07191636523324377,0.06696523345717206,0.05547047995223673
0.17341040462427745,0.07617440272735485,0.07558460923379891,0.07489419080095723,0.07411530531839368,0.07325930131925028,0.06815662948792478,0.05641864447217321
0.19267822736030826,0.07479937727626029,0.07424553618284259,0.07359031841121348,0.07284563179039523,0.07202275519084715,0.06707000330029284,0.055565226114340824
0.2119460500963391,0.07632219730294415,0.07572862487833497,0.07503451623857156,0.07425204558555555,0.07339256545061865,0.06827409682758588,0.056511299446273325
0.23121387283236994,0.0783332654227754,0.07768978948866549,0.07694712536402652,0.07611748155036412,0.07521220300174496,0.06988442134723383,0.057788508632473715
0.2504816955684008,0.07875109674510863,0.07809906632422126,0.07734829604544566,0.07651077717499669,0.07559777899140624,0.07023324829603117,0.05807351880161974
0.26974951830443156,0.07930679339866877,0.07864176935378613,0.07787845174906147,0.07702874290394418,0.07610387749600746,0.0706844659361131,0.058435056224790796
0.2890173410404624,0.07939489513600258,0.07872597838163724,0.07795866881200424,0.07710508134464522,0.07617652004494993,0.07074159821474815,0.05847252091670172
0.30828516377649323,0.08200111588816349,0.08126704052114833,0.0804362741429573,0.07952103632965057,0.07853264121231587,0.07282465409542972,0.060122432495083346
0.32755298651252407,0.08401145842605869,0.08322807461971958,0.08234940087375582,0.0813876196686284,0.08035401398486125,0.07443893345440473,0.061405432611786506
0.3468208092485549,0.08251518906624118,0.08176831891405391,0.08092509877752944,0.07999776174461398,0.07899762157635994,0.07323598695338021,0.06044849971771181
0.3660886319845857,0.08526339828630097,0.08444911537800108,0.0835403972078838,0.08254942694196145,0.0814874760179736,0.07544271368697625,0.06220233706456415
0.3853564547206165,0.08248293076818007,0.08173563063058699,0.08089184473862164,0.07996395783723148,0.07896333407938529,0.07320048512768862,0.06041468242265765
0.40462427745664736,0.08106615569187386,0.08035429852548637,0.07954503251494079,0.07865068280090587,0.07768260716927364,0.0720682814309632,0.05951800668886294
0.4238921001926782,0.08350100132009147,0.08273033438326573,0.08186403999990616,0.0809142857387352,0.07989235445398034,0.07403058896623077,0.06108178992139662
0.44315992292870904,0.082849459843837,0.08209259189818943,0.08123944004160351,0.08030245373057113,0.07929301504507179,0.07349026160566288,0.06064234138717232
0.4624277456647399,0.0801909780606793,0.07949863944594238,0.0787081014038242,0.07783194610021284,0.0768816244376028,0.07135021913777162,0.058938372499666394
0.48169556840077066,0.08610839646569311,0.08526975558444704,0.08433693137824227,0.08332254074532788,0.08223799043114072,0.0760926852743423,0.06270226265686499
0.5009633911368016,0.08638851434271465,0.0855432403761888,0.0846040003376712,0.08358337658123421,0.08249276180987813,0.07631948292768977,0.06288360652275099
0.5202312138728323,0.08908232723459804,0.08817242850373566,0.08717057537851007,0.08608912146106877,0.08493935857921792,0.07849395716972503,0.06461847806580892
0.5394990366088631,0.08864360801424524,0.08774478171490335,0.08675372418873538,0.08568275856401446,0.08454317072805931,0.07814412202863374,0.06434186548209479
0.558766859344894,0.08837031873333485,0.0874799890692983,0.08649740410016242,0.08543467013353709,0.08430300401521704,0.0779387719659738,0.06418688323537261
0.5780346820809248,0.08948505490971162,0.0885655732798424,0.08755444529188881,0.08646398063066975,0.08530545283320058,0.0788196607550419,0.06487869423406387
0.5973025048169557,0.09180977879030022,0.09083291181315559,0.08976598470268987,0.08862130951578728,0.08741013871869228,0.08068350782907997,0.06635836778952775
0.6165703275529865,0.09476695031710677,0.09371680769973345,0.09257859687954613,0.09136466737481971,0.09008625622469042,0.08305223106873853,0.06823757406124949
0.6358381502890172,0.09651437243911994,0.0954221322577032,0.09424311240844863,0.0929895358907695,0.0916725815305393,0.08446137913861626,0.06936103505963134
0.6551059730250481,0.09218518790887946,0.09120054007059887,0.09012622610829411,0.08897437463933162,0.08775617401515431,0.08099617256686012,0.06661341282667635
0.6743737957610789,0.09460481822883482,0.09356222876455712,0.09243178988570672,0.09122541169293134,0.08995418762045117,0.08295015282047044,0.06817284781286628
0.6936416184971098,0.0927178120608303,0.09171999470058854,0.09063287261842747,0.08946857767190738,0.0882382942755493,0.08142303255636185,0.06695218889612212
0.7129094412331406,0.09377132335298578,0.09274496377367222,0.09162978300631243,0.09043822774809243,0.08918157649367323,0.08224774774473013,0.06759526320337297
0.7321772639691714,0.09768174801098048,0.09656000156381978,0.09535220798773435,0.09407067680528017,0.0927266044446102,0.08539190015550847,0.0700965895707712
0.7514450867052023,0.09950023625634496,0.09833463329581049,0.09708431979609362,0.09576147941431967,0.09437724991311466,0.08685798856781189,0.07126523287629512
0.770712909441233,0.10101103075945543,0.09980808162100838,0.09852144792935753,0.0971633213793635,0.09574482818568311,0.08806885508509733,0.0722262760647617
0.789980732177264,0.09892168471632574,0.0977716307758713,0.09653658912619432,0.09522858603349879,0.09385871271680436,0.08640409842819427,0.0709107207711459
0.8092485549132947,0.0966715137113915,0.09557869114306569,0.09439950194967273,0.09314576150063048,0.09182851251417017,0.08461327910488445,0.06949676904950645
0.8285163776493255,0.09429966916541767,0.09326591962551932,0.09214423374249751,0.09094635958301933,0.08968333993401248,0.08271577583900803,0.06799278590587018
0.8477842003853564,0.08918467491864594,0.0882758022591475,0.08727537459923602,0.08619530620169684,0.08504674282895405,0.07860393771987914,0.06472210847188323
0.8670520231213872,0.08686379766317774,0.08601260162230148,0.08506830281024957,0.08404276534579137,0.08294714024803344,0.07674621047019527,0.06324906750423395
0.8863198458574181,0.08703975403432306,0.08618506181535165,0.08523746548488585,0.08420872453415369,0.08310995377217258,0.07689394316034937,0.06337024178730491
0.9055876685934489,0.09232052861753028,0.09133626394936152,0.09026277097525125,0.0891117177892687,0.08789413937077012,0.08113395348720606,0.06673990135263044
0.9248554913294798,0.09520721796238116,0.09414927226249069,0.09300384308612147,0.09178290128124088,0.09049755468242442,0.08342930575756163,0.06855100537933065
0.9441233140655105,0.09217130716462713,0.09118696799725444,0.09011295008306659,0.08896138622765722,0.08774346629622967,0.08098477665200834,0.06660420976448496
0.9633911368015413,0.08545507431509275,0.08463632919125555,0.08372330457117476,0.08272815050791497,0.08166212570090159,0.07559850642187058,0.06232725494484702
0.9826589595375722,0.08519821349765024,0.08438682125637834,0.08348106816693829,0.08249297879604427,0.08143377281268614,0.07540052534261808,0.06217473168959422
1.001926782273603,0.08322422984438196,0.08245910127134067,0.08159803638997803,0.08065336251512965,0.07963641786319212,0.0737985188767937,0.06089161107781923
1.0211946050096339,0.08314091679589114,0.08237848160542642,0.08152011233609317,0.0805780574436755,0.07956362988252753,0.07373672814145288,0.060845481861496055
1.0404624277456647,0.08378221423123565,0.08300555315664516,0.08213354441723612,0.08117823865733573,0.0801508774702341,0.07426349926975498,0.061271045764907786
1.0597302504816954,0.08126935997365967,0.08055461390026693,0.07974279496656568,0.07884596539261178,0.0778753942176588,0.07224792021621672,0.05967038992610787
1.0789980732177262,0.0798853049866681,0.07920391351676077,0.07842442961637906,0.07755901435433034,0.07661898242842556,0.0711318834846377,0.058780665879468466
1.0982658959537572,0.07492049228160629,0.07436054073198038,0.07369900563749761,0.07294818098752939,0.0721194720534444,0.06714257754272168,0.05560850585325805
1.117533718689788,0.07619512998188754,0.0756034953552178,0.07491112659817677,0.07413034607842815,0.07327255645742589,0.06816279757442886,0.05641743403799313
1.1368015414258188,0.07734381730701631,0.07672325899630096,0.07600269759223659,0.0751945269659826,0.07431016259632774,0.06907928846443931,0.057142407343580316
1.1560693641618496,0.07737813390723661,0.07675601817576196,0.07603385687082913,0.07522413176530067,0.07433828704718293,0.06910121853521947,0.05715655426063208
1.1753371868978804,0.07482571914054471,0.07426641718545722,0.07360531025376317,0.0728549012735843,0.07202666541467888,0.06705331057735256,0.055529875867407055
1.1946050096339114,0.07584693460405709,0.0752605923705014,0.07457297203385223,0.0737968041546637,0.07294362948399943,0.06785767184851108,0.056160028822358175
1.2138728323699421,0.07391275985410863,0.07337362718330018,0.0727318470218236,0.07200021415543097,0.07119030872996794,0.0663027410627636,0.054923139854503075
1.233140655105973,0.06982345406934319,0.06938530021226634,0.06884171187301884,0.06820547532134935,0.06748820633311746,0.06302441666405344,0.052320700331192536
1.2524084778420037,0.06894546748784253,0.06852822136598098,0.0680048707017127,0.06738829552262582,0.0666901508242963,0.06231447651219696,0.05175357704095841
1.2716763005780345,0.07262806731359263,0.07211953503675615,0.07150737553032575,0.07080451982161388,0.07002260513088573,0.06526399857391756,0.05409339344141208
1.2909441233140655,0.07010713432768427,0.06966185134145993,0.06911131569739068,0.06846832960743948,0.0677445114459818,0.0632508626613636,0.05249989032999221
1.3102119460500963,0.06494815541714026,0.06463011441884432,0.064203290776834,0.0636804945984415,0.06307339536409526,0.059113815799280114,0.04921507702762281
1.329479768786127,0.0701790449438975,0.06973201183580824,0.06917977745362743,0.06853514099299317,0.06780971915604594,0.06330871331561629,0.052545931626367684
1.3487475915221578,0.06913792757056722,0.0687167055851856,0.06818958227139148,0.06756934198889303,0.06686760632718988,0.062474872802779725,0.051884472626434766
1.3680154142581886,0.07124593888796214,0.07077157740405986,0.07019265056309662,0.06952208139791238,0.06877151748146934,0.06415629566102177,0.053214253190120187
1.3872832369942196,0.07227244041086076,0.07177279207416105,0.07116928362770368,0.07047483270284333,0.06970107543865095,0.06497970290368063,0.05386818038006278
1.4065510597302504,0.06878988482845041,0.06837463008688505,0.0678529931025229,0.0672380824831841,0.06654163018160016,0.06217520351399193,0.051634516497817175
1.4258188824662812,0.06896752237983092,0.06854588936668952,0.06801781040087321,0.06739664084511693,0.0666941924794405,0.062301956519233884,0.05172598675850113
1.445086705202312,0.07661319363331277,0.07600553930805454,0.07529690734162929,0.07450032560203254,0.07362742583040265,0.06845317798427107,0.056621778501274
1.4643545279383428,0.07762285195963912,0.07698865011401003,0.07625400886180529,0.07543215802736919,0.07453478656159826,0.06924990409245714,0.057246823094181123
1.4836223506743738,0.07182260637587587,0.07133089686345193,0.07073472667334586,0.07004740451724341,0.06928069992744056,0.0645941691803525,0.053547572378851306
1.5028901734104045,0.07437082060949347,0.0738145067494856,0.07315531302173268,0.07240676129792016,0.07158066755678001,0.06662382013820524,0.05515105534498814
1.5221579961464353,0.0755479805064732,0.07496084921095747,0.07427147803367008,0.07349360769431658,0.07263911538565537,0.0675537781323424,0.05588124932533491
1.541425818882466,0.07842978403281708,0.07777265178184788,0.07701535135040607,0.07617148590147595,0.0752528601049485,0.06987319126924825,0.05772780572268399
1.5606936416184969,0.08104712463910685,0.08032792058144697,0.07951056955617718,0.0786083636045193,0.0776329800352909,0.07199158288398626,0.059421210243736367
1.579961464354528,0.08407482255832917,0.08328080176164408,0.08239069258797828,0.08141779989283925,0.08037377675458689,0.07441842135831174,0.06134747107106496
1.5992292870905587,0.07972529459216368,0.07903852000444819,0.07825267800670475,0.0773810839871004,0.07643543539161522,0.07093023658953802,0.05857771006122148
1.6184971098265895,0.07703403067837689,0.07641130888445241,0.07568746251852161,0.07487609869257449,0.07398903650192758,0.06875380477093099,0.056838946048757964
1.6377649325626202,0.07596913395155266,0.07537151345165723,0.07467193179675163,0.07388414165460207,0.07302002020495534,0.06789070595086108,0.05614830232215814
1.657032755298651,0.07519723280864664,0.07461825901324566,0.07393675956782411,0.07316653676288447,0.07231949142384017,0.06726863111384643,0.05565257666399651
1.676300578034682,0.0727799404511033,0.07226082958676507,0.07163756154800309,0.07092391234049931,0.07013179683284518,0.0653320807469896,0.05411606981597809
1.6955684007707128,0.07357294723792425,0.07303364304553837,0.07239066542844816,0.07165786766191425,0.07084718267993437,0.06596301535917173,0.054614117696505926
1.7148362235067436,0.07596014450305162,0.07536202114920701,0.07466186327224994,0.07387351318299352,0.07300887775263687,0.06787780194566331,0.05613472880731056
1.7341040462427744,0.0785463054030737,0.07788413002979923,0.0771216649703877,0.07627278154123454,0.07534937188146773,0.06994958071000158,0.057778496329394934
1.7533718689788051,0.07425645920153141,0.073701753101041,0.07304397636621342,0.07229680107557747,0.071472093892662,0.06652257897786604,0.055065099554892735
1.7726396917148362,0.06819263949933087,0.06779016716513259,0.06728072320112008,0.06667765811595983,0.06599278937098962,0.06168095246734007,0.05123313407797579
1.791907514450867,0.06915517653269213,0.06873065761241613,0.06819998278208474,0.06757629157924543,0.06687132273795023,0.062466134426653455,0.051864346398677805
1.8111753371868977,0.06995732366462291,0.06951354508282986,0.06896420812300359,0.06832238619720718,0.06759978865902898,0.06311350956655602,0.052380771478237456
1.8304431599229285,0.06812114161854078,0.06772467167901167,0.06722157442822187,0.06662467612623003,0.06594562175979136,0.06165693642272776,0.05123353362331058
1.8497109826589595,0.0651011900265496,0.06477919605030469,0.06434850758337621,0.06382195657987527,0.06321121829705265,0.05923513300353563,0.04931058301292807
1.8689788053949903,0.06494229915943214,0.06462397673827142,0.06419682815980662,0.06367371621943559,0.06306632785424222,0.059105772240266655,0.049206734584895495
1.888246628131021,0.06578189909660795,0.06544477697038409,0.06499958020886433,0.06445893426140334,0.06383443978249961,0.059794057353257636,0.049761997083250624
1.9075144508670518,0.06320889369589788,0.06293585040814623,0.06255302923806078,0.06207298315496349,0.0615073130631857,0.05773558933211874,0.04813041164946296
1.9267822736030826,0.062118966643910874,0.061872675013364145,0.061515847621206605,0.061061055247680525,0.060519914925795636,0.05686053804222185,0.04743502197836098
1.9460500963391136,0.05885321242602123,0.05868772888050761,0.05840949921610323,0.0580310669336611,0.05756407075708607,0.05424374167338721,0.04535848525474814
1.9653179190751444,0.05702549997607423,0.05690596512900794,0.05667251424444581,0.05633758604264021,0.055912801822895666,0.05278491295751263,0.04420417005469768
1.9845857418111752,0.05966007747475794,0.0594762452089553,0.05918036288565448,0.058784780795663516,0.058301066265094945,0.05490297496468092,0.045889043806427346
2.003853564547206,0.06210449256342325,0.06185932080420684,0.06150367415059321,0.06105002903691462,0.06050997147206146,0.05685492747590072,0.047434070872250614
2.0231213872832368,0.06427897173212418,0.06398130512139799,0.06357475695220265,0.06307165969732563,0.062483531376827904,0.05860760451692824,0.048830917058588066
2.0423892100192678,0.06716951637002694,0.06680015191446707,0.06632384616556174,0.06575297726206505,0.06509905113304854,0.060922383998742766,0.05066699117916891
2.0616570327552983,0.06574558713339262,0.06540983073681292,0.0649660184714126,0.06442671768779756,0.06380351019320633,0.0597686336202226,0.04974396979445028
2.0809248554913293,0.06524476539656414,0.06491990275837724,0.06448650625692061,0.06395732443764053,0.06334400366018986,0.05935555383265969,0.04940928572009457
2.1001926782273603,0.06751580671411972,0.06713402109192135,0.06664517116355888,0.06606211451745213,0.0653965121779786,0.06116957931393796,0.050845443545221435
2.119460500963391,0.06481584470702627,0.06450003587117639,0.06407525819916675,0.06355444955663442,0.06294932286332926,0.058999609058190385,0.04911966105771675
2.138728323699422,0.0586228011405255,0.05846005683212295,0.05818413566922153,0.05780794563633914,0.05734324800362175,0.0540358343536422,0.04517988754473858
2.1579961464354525,0.057331344553986634,0.057200359709698514,0.056955305692074375,0.056609103997647944,0.05617353249995262,0.05299946688139369,0.04435658395924754
2.1772639691714835,0.05870480206845324,0.058540772151750846,0.05826368984772503,0.057886371863851156,0.05742054855278905,0.054107383864912394,0.04524008208251011
2.1965317919075145,0.05799337012558139,0.05784793402751022,0.05758905587309581,0.05722942395329478,0.05678073289588852,0.05354510716110154,0.0447984428891293
2.215799614643545,0.05551159121934433,0.055427219538154125,0.055227694063001924,0.054925725020646035,0.054533037614382066,0.051553786477574096,0.04321666177222337
2.235067437379576,0.05345169486752201,0.05341730335196565,0.05326627199731115,0.053011416295731056,0.052664515581781035,0.049895442468957454,0.041896146162657945
2.2543352601156066,0.048170435535356104,0.04826747819482608,0.048244376477714845,0.04811380845803018,0.047887557732342684,0.04566958293505671,0.038546217763492596
2.2736030828516376,0.04682261874819729,0.046953267890945144,0.04696288416388041,0.046864102715796406,0.0466687056366198,0.04459161118128878,0.03769197899174786
2.2928709055876686,0.04694773095559705,0.04707400279330773,0.047079207556662034,0.04697613996305083,0.0467766336279226,0.04468178861985026,0.03775764829229627
2.312138728323699,0.04859233568820768,0.04867770389682708,0.048643098721922344,0.048501354520936006,0.04826430254091336,0.045997938060677965,0.03880110514501577
2.33140655105973,0.048552631613442275,0.048640254022912326,0.048607994154829526,0.048468528718589116,0.04823363726712362,0.04597612008274277,0.03878963706588386
2.3506743737957607,0.04274676910483879,0.0429761398087723,0.043081521245798886,0.04307577819562763,0.0429708069059061,0.04130894369101937,0.035077248413762044
2.3699421965317917,0.04462980619024471,0.044811704756323054,0.04487080708839139,0.04482010231830157,0.04467151006221693,0.0428108888908524,0.0362650682898043
2.3892100192678227,0.04347471047137228,0.04368465472359547,0.04377097120691709,0.043746705719325096,0.04362380745124154,0.04188111545215155,0.03552479035101079
2.4084778420038533,0.03789061782386586,0.03823863656780601,0.0384592389063255,0.03856543620739623,0.03856921878483414,0.03740589559898941,0.03197306345443678
2.4277456647398843,0.03754765733316688,0.03790509846751291,0.03813497791559089,0.038250188379242676,0.038262684203807455,0.03713844516224314,0.03176513323365053
2.447013487475915,0.04209875276250856,0.04234475158421218,0.04246637760520838,0.04247641677032337,0.04238674538179311,0.04079436401300035,0.03467163617520755
2.466281310211946,0.04505044571949146,0.045225324680307454,0.04527800647470357,0.045221064562783145,0.04506627731998157,0.04317457662742004,0.03656924527231436
2.485549132947977,0.04938196443143699,0.04944962245830226,0.04939801116775125,0.04923974533366174,0.048986576256781336,0.046645026865095564,0.039323001150550804
2.5048169556840074,0.04833433052912334,0.04842658374031277,0.048398735410368265,0.0482635557801023,0.04803285734582634,0.045795139852965544,0.03864247863271207
2.5240847784200384,0.043714161455208796,0.04392072353843358,0.0440040558133771,0.04397689153134534,0.043851074405076435,0.042092970735132476,0.03570459392110245
2.543352601156069,0.04618009286272595,0.04632641396123918,0.04635124627398715,0.046267247632349205,0.0460862136580068,0.04407498317004821,0.03728097094265529
2.5626204238921,0.04520868605880207,0.04537629567191174,0.045421504091050925,0.04535730096679426,0.045195600644707186,0.04327501032304914,0.036633528341593544
2.581888246628131,0.0449429612177765,0.04511685259268845,0.045168135709334,0.04510983428658732,0.04495387641997408,0.04305978345602665,0.03646138852517285
2.6011560693641615,0.04355874554082677,0.04376504261422721,0.04384762335340464,0.0438197281957948,0.043693369826557395,0.04193612815179895,0.03556123909468115
2.6204238921001926,0.03996850364571107,0.040263276493385326,0.040431869494899915,0.040487537810304564,0.04044233273834245,0.0390564838830802,0.03327446025427706
2.639691714836223,0.04092712946680725,0.04120071574655882,0.041349006056949335,0.04138495014179247,0.041320489416361364,0.039844531043029895,0.0339114543070778
2.658959537572254,0.03986738792062056,0.040164445407011556,0.040335234443526664,0.040393036235048724,0.04034991163286954,0.038973752856589314,0.03320781061482235
2.678227360308285,0.037069481294602746,0.03743381885257549,0.03766981321405407,0.0377909636193991,0.03780942923427346,0.03671649567607666,0.031407613249834515
2.6974951830443157,0.035716458112451575,0.036114594087152986,0.03638350070251661,0.036536626424003404,0.036586126367014006,0.03563484814596718,0.030550747650951764
2.7167630057803467,0.03669532574738355,0.03706890952295444,0.037313895757141426,0.037443782039095465,0.0374707305064768,0.03641659717684883,0.03116957654531429
2.7360308285163772,0.03378252184212412,0.03422806084360977,0.03454301975431732,0.034740886605498476,0.0348338477606844,0.034081675494281254,0.02931617017736321
2.7552986512524082,0.037726074747503925,0.03807588181014657,0.038297949296352475,0.038405569624516106,0.03841082747948702,0.03725610392551646,0.03184370349300979
2.7745664739884393,0.03301135309036451,0.03347730652985971,0.03381228154983768,0.03402959490048827,0.0341413836249078,0.0334742246538481,0.02884025760192125
2.79383429672447,0.034274841174847116,0.034710819073038614,0.035016793231239365,0.03520593159021057,0.03529031016710226,0.03449676369031844,0.029657606303781538
2.813102119460501,0.038427918349739104,0.0387613927969818,0.038967698605130156,0.039060006167082086,0.039050353267723825,0.037826606240178785,0.03230117273000779
2.8323699421965314,0.03693920128971748,0.03731110695168474,0.03755498426605652,0.037683793978191896,0.03770951862652717,0.03664625250963342,0.03137184075942019
2.8516377649325624,0.0367300037131914,0.0371063934726045,0.03735454906963799,0.0374875151400437,0.03751730389585846,0.036473184219986736,0.031231321836062843
2.8709055876685934,0.03280238048874584,0.033273657347505564,0.03361382850299817,0.03383619008517883,0.03395287429128028,0.033307977607123104,0.0287090349819221
2.890173410404624,0.03566186078678345,0.03606454237191912,0.03633825400645663,0.0364960485224264,0.03654995088027084,0.035616210699685166,0.030550641638647548
2.909441233140655,0.03203999915533132,0.03253226684706145,0.03289311009665955,0.03313555562966118,0.03327165383246853,0.032713807640324104,0.028247310021674955
2.9287090558766855,0.03288528002731739,0.03335828797877813,0.03370059721889065,0.03392503669242674,0.03404358351725925,0.03340413373811216,0.028802723765409655
2.9479768786127165,0.03299833234176905,0.03346885608592508,0.03380878668786579,0.0340309152978741,0.03414720548843192,0.0334971822987075,0.02887800108312471
2.9672447013487475,0.037178432984651004,0.03754618644199048,0.03778623742577339,0.037911330057263916,0.03793337308020187,0.03685183681340122,0.03154310379023248
2.986512524084778,0.03849805906608387,0.03883448605619046,0.039044226787865156,0.03913987232183965,0.03913326844412936,0.03791965824681185,0.032396561338827436
3.005780346820809,0.03978947879996048,0.040094769478743096,0.04027432391713386,0.040340642692498964,0.04030552956602554,0.03896088711332469,0.033226582650096995
3.0250481695568396,0.04144688117549329,0.04171175542406328,0.041852070357949404,0.041880266863600864,0.04180811340686175,0.04029360961931174,0.034286885724665844
3.0443159922928706,0.044327220920798924,0.04451979350613615,0.04458966069486964,0.04454941488186184,0.044410847495118054,0.04259348118646055,0.036107193847777885
3.0635838150289016,0.04705050130095716,0.04717578758294155,0.04718022082584277,0.0470764039552824,0.04687610627637518,0.04477637830115227,0.03783986742760865
3.082851637764932,0.04389222881878988,0.04409540917911644,0.04417557528312712,0.04414533515273865,0.04401648946645974,0.042243705140658935,0.035828916346672006
3.102119460500963,0.042835182172724084,0.04306398119374839,0.04316900070334001,0.04316290631882625,0.04305752767815407,0.0413924898423874,0.03515097346201283
3.1213872832369938,0.04766183920606403,0.0477722699183577,0.04776228654237511,0.04764446353519101,0.047430555052392666,0.04526836698477356,0.0382315284542037
3.1406551059730248,0.04753962887045483,0.04765049931338923,0.04764063321625773,0.047522923686573924,0.04730923127138022,0.04515012913069434,0.03812582379857951
3.159922928709056,0.048354821520998646,0.048446403229308224,0.0484178820076051,0.04828204861302665,0.04805072212530241,0.04581026617537361,0.03865372603486599
3.1791907514450863,0.0478677950816716,0.047972216196243075,0.04795627788418284,0.04783266931140674,0.04761318058293111,0.0454262165615829,0.03835259035295822
3.1984585741811173,0.049520205980415025,0.04958267873287867,0.049525812033784485,0.049362440094117006,0.04910438538984952,0.046741927414881215,0.03939178506469944
3.217726396917148,0.04807056523279018,0.04816795339671282,0.04814493239217382,0.04801444240679794,0.04778835454584352,0.04557285013267769,0.038459685928923286
3.236994219653179,0.04776122009719759,0.04786610937353125,0.04785036588177427,0.04772694619471089,0.04750772973730805,0.04532377150080046,0.03826132684189431
3.25626204238921,0.04926056613882777,0.04932793084988202,0.0492756382019863,0.04911670981836946,0.04886303251358161,0.04652183574965334,0.039210088927683254
3.2755298651252405,0.05069913560556731,0.050732365698802205,0.050647047675703966,0.05045603439378613,0.05017114340467003,0.047686025683678926,0.0401406393621842
3.2947976878612715,0.048610520795394435,0.04869431226507134,0.048658038131496134,0.04851467228458178,0.048276091884641534,0.04600365292088625,0.038800461170804365
3.314065510597302,0.047828910536779304,0.04793241125652403,0.04791535159008085,0.047790653250395394,0.04757018351272481,0.04538026176824436,0.03830747051201457
3.333333333333333,0.04936862358883598,0.04943523780515596,0.04938244621879423,0.04922303344542661,0.04896880700587976,0.04662353782803679,0.03929963376632936
3.352601156069364,0.048120096299669346,0.04821729869138797,0.04819422190168895,0.048063677905417414,0.04783749499660086,0.045620711816669525,0.038502445531338816
3.3718689788053946,0.05078069690735921,0.050812413018245364,0.05072568298743561,0.05053329798716427,0.05024705442914749,0.04775534236498251,0.04019796238113424
3.3911368015414256,0.049732566166996665,0.04979093199256465,0.04973020857097862,0.04956308991311439,0.04930135019386802,0.04692110958551313,0.03953924888436199
3.410404624277456,0.05054107286845687,0.05057706810258318,0.05049430192882034,0.05030576764132081,0.05002333066046534,0.04755036497696882,0.04002771969773666
3.429672447013487,0.047769210584438504,0.047873187036147666,0.047856469788763255,0.04773210394041475,0.04751199807874661,0.04532455327927286,0.038258660365998974
3.448940269749518,0.047564416152447525,0.04767433561220961,0.047663503985981924,0.04754485635489058,0.047330266895833834,0.045167336834458935,0.038137926910021054
3.4682080924855487,0.04625011857659209,0.046392631708051746,0.04641351093250148,0.0463256713735555,0.046140992972041786,0.044114781854693676,0.03730301439966736
3.4874759152215797,0.04384094906270405,0.04404350864771126,0.0441228439698118,0.04409179637127002,0.043962244072768636,0.04218776254618861,0.03577583818891682
3.5067437379576103,0.044575990189411274,0.04475902619349315,0.04481921152473458,0.0447695588866388,0.04462199618643148,0.04276624063083207,0.03622874548561751
3.5260115606936413,0.045200565597468816,0.04536729785055219,0.04541152338220545,0.045346365159788016,0.0451837816365344,0.04326002795100867,0.0366166830441176
3.5452793834296723,0.05381254742562755,0.053767122452879276,0.05360510664662122,0.053339578838471284,0.05298240194538205,0.05016804614077143,0.042102795627397514
3.564547206165703,0.05465110886917402,0.0545873352993306,0.05440776117973695,0.05412517536401117,0.053751337113212685,0.05085884293443438,0.04266200656818203
3.583815028901734,0.056296878228297396,0.05619127096361191,0.055970874021127194,0.055648627388406986,0.05523632477091319,0.0521688416017946,0.04369644011752919
3.6030828516377644,0.055264108830898294,0.05518232521231061,0.05498489229966997,0.054684955612904415,0.05429438644871008,0.051327691891449735,0.043020995348108694
3.6223506743737954,0.05402453665258589,0.053971935080166185,0.053802707008135615,0.05353017191809353,0.0531662702150356,0.050322730746788225,0.04221666827723566
3.6416184971098264,0.05725616157586085,0.05712221628285376,0.056873703715362635,0.05652414107145946,0.05608550367735985,0.05290133176612658,0.044256551891820775
3.660886319845857,0.05875358408894649,0.05858322040024542,0.05829936174623321,0.057915459414068504,0.05744345288424333,0.054106175298751225,0.045215559145605405
3.680154142581888,0.05896664119253733,0.05879104772437542,0.05850210740177692,0.05811326808104135,0.05763646610662847,0.054277225623147504,0.04535148829860823
3.699421965317919,0.05669632595847529,0.056576849016905156,0.05634248300835167,0.05600666428836072,0.05558134674569298,0.05245758426081841,0.043907249894681435
3.7186897880539496,0.05615456731561345,0.0560480638514169,0.05582626458106233,0.055502654753448316,0.05508920949858641,0.052020087412170866,0.043558093077759354
3.7379576107899806,0.05186898239855587,0.05186858702500837,0.05175000128851808,0.05152666657050114,0.05121058380041517,0.0485866298355527,0.04083380155898214
3.757225433526011,0.05237874569989826,0.052366460205177184,0.05223639648815718,0.052001910691260866,0.05167497079938403,0.04900078183755087,0.04116577383106492
3.776493256262042,0.04943151571912739,0.04949187346127085,0.04943243193288712,0.049266557696739995,0.049006249885560974,0.04663698735618208,0.039288702681644125
3.795761078998073,0.05249838355137873,0.052483160050957,0.05235024137346437,0.05211298189933882,0.05178334790684648,0.04909682118726453,0.04124208765120922
3.8150289017341037,0.05002878584640556,0.050076460682319066,0.05000493493896807,0.04982732089430852,0.049555528082107655,0.04713204519282439,0.03969118548051969
3.8342967244701347,0.048966463448935946,0.049039879527292746,0.048993325461878255,0.04883997206687129,0.04859175819580116,0.04627653993802222,0.03900980174181084
3.8535645472061653,0.04549775882525404,0.04565442501220458,0.045688534012291705,0.04561354678533395,0.045441530621506646,0.043476845004739736,0.03677626987286463
3.8728323699421963,0.04707066156719351,0.04718947673482777,0.04718689847218437,0.047076268641208896,0.046869600410405714,0.04474558932142052,0.037787984747074205
3.8921001926782273,0.04811390898982617,0.04820741050830849,0.04818027113167042,0.04804577951849526,0.04781592145816057,0.04558546111814567,0.03845675861361164
3.911368015414258,0.045155800509870024,0.045322633809649245,0.04536683670700642,0.04530165631453222,0.045139092508474546,0.04321624616103245,0.03657731362408943
3.930635838150289,0.044762981673764086,0.044939566311371575,0.044993257588000414,0.04493729545116495,0.0447836811034622,0.04290173352650744,0.03632787908122021
3.9499036608863194,0.043152080333700445,0.043367192456150366,0.04345819727257393,0.04343848613983053,0.04332012541110732,0.04160046822687817,0.03528914506592738
3.9691714836223504,0.04605562370211529,0.04620070987347138,0.04622382273845749,0.046138152828661454,0.045955672873949846,0.04394133292361478,0.03715508178035029
3.9884393063583814,0.04401312087608744,0.044206667862693894,0.044276666249086244,0.04423654668207605,0.04409838039692886,0.04228836662107001,0.035833828398351836
4.007707129094412,0.048701817599614464,0.04877914441722088,0.04873607727843171,0.0485861110670081,0.04834129415675148,0.04604375084873227,0.03881295035051505
4.026974951830443,0.0493241102844203,0.04938630975096913,0.04932856156007448,0.049164332306954404,0.04890565517235061,0.04654451179796201,0.03921156924634417
4.0462427745664735,0.05064978127362263,0.050680530023619545,0.050592353772147186,0.0503985629715202,0.05011112676989613,0.04761737598853126,0.04006914484004913
4.065510597302504,0.04735728187560572,0.04746978214519524,0.047461155082243474,0.04734464879627636,0.04713224279717363,0.04498136295299261,0.03797865343941577
4.0847784200385355,0.05269449584264007,0.0526759403349644,0.052539963449005224,0.052299733104158204,0.05196715215148019,0.049265915086587515,0.041383259879218426
4.104046242774566,0.05375353422957188,0.053712127396405594,0.05355432708071148,0.05329289520805749,0.052939590583712816,0.050140865458973595,0.04209298356444253
4.123314065510597,0.05846421698447176,0.058310043973974685,0.05804301789413393,0.05767547053758242,0.05721897436294591,0.05394529185241448,0.04512939860344808
4.142581888246628,0.05520048482513696,0.05512528611837803,0.054934859878621796,0.054641731285091706,0.054257567348970547,0.051316095156814324,0.04303482306308472
4.161849710982659,0.056839053338028724,0.05672308412291725,0.05649297547359989,0.05616129416781022,0.05573970555190463,0.052627280222772355,0.04407426583412931
4.181117533718689,0.054222162026608824,0.05416862439005633,0.05399896081724596,0.053726003332520145,0.05336152948762414,0.05051216387603126,0.04238516509355413
4.200385356454721,0.05421073887646446,0.05415795336343901,0.05398907773433679,0.053716885844986025,0.05335313614285601,0.050506700792452244,0.04238298772725638
4.219653179190751,0.05609383249226012,0.05599356383448281,0.05577839724046088,0.055461232107157546,0.05505385064272207,0.052008615767777475,0.04357073945714366
4.238921001926782,0.056789931305935716,0.05667279847607298,0.056441272260582216,0.05610821332022797,0.05568538452565528,0.05256921942568917,0.04401725714110251
4.258188824662812,0.060669027789901825,0.0604571621752404,0.06013364479567678,0.05971121385616637,0.05920155531662811,0.05568731717672474,0.04649735142294081
4.277456647398844,0.05976488813923126,0.05957572658860411,0.05927433212040701,0.05887339432382355,0.05838459160176531,0.05496545386843001,0.045926048660710414
4.296724470134874,0.06289291656354004,0.06262689280699874,0.06225080318086069,0.06177729685513903,0.06121800947737162,0.05747612139831806,0.047920840461164696
4.315992292870905,0.057311533531549386,0.05718197376908447,0.05693841815136449,0.05659367236547888,0.05615947622212342,0.05299094092071423,0.044354115228975484
4.335260115606936,0.05709900281111125,0.056973388515688866,0.05673351267539736,0.05639234167052917,0.055961670382837295,0.05281031983338881,0.04420474805576279
4.354527938342967,0.059962231225211195,0.05976603208899723,0.05945753373258689,0.05904969390623897,0.05855427772484641,0.055106646862629324,0.04602818838208768
4.3737957610789975,0.05739007408774418,0.057258156529630726,0.057012257833351974,0.05666523560098411,0.05622884605115343,0.053050617091716344,0.04439956612791178
4.393063583815029,0.062611744176625,0.0623493750601817,0.06197644338197545,0.061506004507981334,0.06094983088574144,0.05722486258191202,0.04770627588015951
4.4123314065510595,0.0645774051768101,0.0642689924238281,0.06385158824381759,0.0633379434415274,0.06273971139650744,0.058820311031090665,0.04898425721928191
4.43159922928709,0.06513645671986758,0.06481208199046846,0.06437889673519678,0.06384991975573141,0.06323688768905063,0.05925153761653303,0.04931666902021241
4.450867052023121,0.06322105528743166,0.06294414848892341,0.062557141545086,0.06207302821748467,0.0615035548792084,0.05771733168386038,0.04809954873639692
4.470134874759152,0.06142283264290857,0.06118957678045163,0.06084492534717432,0.06040196153952712,0.059872478173479904,0.05626980741219857,0.046946996785432384
4.489402697495183,0.06235442534481402,0.06209830795761316,0.061731443143401316,0.0612668983922704,0.060716452575063654,0.057017770162460436,0.04754140907352125
4.508670520231213,0.06400368424702409,0.06370708299624028,0.06330088078370365,0.0627981186078961,0.06221055108580607,0.05834185354855097,0.04859362053549715
4.527938342967245,0.0690001320052867,0.06857728194956723,0.06804796996369507,0.0674256024179256,0.06672200763228135,0.06232486225695829,0.05174227825243971
4.547206165703275,0.07062085735360771,0.07015905392875357,0.06959199221011149,0.06893294985274932,0.06819369742908103,0.06363256254996445,0.05278527850656434
4.566473988439306,0.06730183269430111,0.06692394570413271,0.06643872008348103,0.06585918431309516,0.06519705787050446,0.06098715289110649,0.05069426434706814
4.585741811175337,0.06744429090955704,0.06706296908962135,0.06657441342375713,0.0659916424289607,0.06532637095275554,0.0611020111040886,0.0507858235531327
4.605009633911368,0.06380756077129984,0.06351506623390345,0.06311276877078831,0.06261380004466711,0.062029946460457994,0.05817883783940363,0.0484608311156692
4.624277456647398,0.0658875054776263,0.06554512977295124,0.06509450596115136,0.06454858699618651,0.06391908070667487,0.059857923678568084,0.049800541381462914
4.643545279383429,0.06577415496472684,0.06543414689540081,0.06498577344931807,0.06444204070509436,0.0638146751027279,0.059763661902666354,0.04972373161252199
4.66281310211946,0.06549463232764284,0.06516408620859639,0.06472522165766251,0.06419072755079253,0.06357222819129607,0.05955969235529805,0.0495735728139714
4.682080924855491,0.06580676962963106,0.0654672191806201,0.0650194427477534,0.06447629024641058,0.06384943623302217,0.059799735805466395,0.049758170422999425
4.701348747591521,0.06591824965391191,0.06557677924385179,0.06512723608985214,0.06458236731507468,0.06395381247815184,0.05989565379150678,0.04983813937690508
4.720616570327553,0.06669726714889213,0.06633558450131549,0.06586626952506286,0.06530219165405074,0.06465502351984626,0.060512509559895046,0.05032333717588109
4.7398843930635834,0.06491438354070464,0.06459415576604963,0.06416484210457891,0.06363962625539288,0.06303030140478563,0.059062998099377484,0.04916085906608649
4.759152215799614,0.06503283316657205,0.06471016109768503,0.06427852845616272,0.0637510597341768,0.06313952744987719,0.05916173490118813,0.049241447535367314
4.7784200385356455,0.0653777754663436,0.06504778213187395,0.0646091743136217,0.064074929211843,0.06345676745498238,0.05944767399060182,0.04947393206929133
4.797687861271676,0.06497890477171472,0.06466001408928675,0.06423235333556652,0.06370874386170639,0.06310085857263054,0.059137756624893276,0.04923366682632805
4.816955684007707,0.06498064473839087,0.06466124701728085,0.06423303735952035,0.06370889452559853,0.06310051036500705,0.05913550382947782,0.049229746525068216
4.836223506743737,0.06443137941152403,0.06412443348675391,0.06370819817871125,0.06319568858707658,0.0625986467544204,0.058686431493873426,0.04886815252948463
4.855491329479769,0.06026500180485867,0.06006369489322147,0.05975051484499324,0.0593381270388186,0.05883819717999346,0.05536799075690797,0.046246533232463416
4.874759152215799,0.05972974212366924,0.05954013216444352,0.05923814322538765,0.05883662764634019,0.05834731791324297,0.05492693171113899,0.045889421504596864
4.89402697495183,0.06097055638405513,0.06075011444580229,0.06041812136386715,0.05998745582125747,0.059469847339814697,0.05592016092782644,0.046676996476218646
4.913294797687861,0.05782805962574984,0.057685548776954164,0.0574293758907534,0.057072372013051216,0.05662628047420452,0.053403487780801916,0.04468070637867846
4.932562620423892,0.058285229720545784,0.05812858021070674,0.0578583158888304,0.057487621245521064,0.05702835204767391,0.053747594767224585,0.04494077855717071
4.951830443159922,0.05819778777922097,0.05804241962481186,0.05777329562437897,0.05740370868025042,0.056945551187130884,0.053670593792829534,0.04487561969588278
4.971098265895954,0.059273055230134986,0.059092202744382795,0.05879842628676208,0.05840488892898118,0.05792343007746288,0.05454100879804462,0.04557148803997317
4.990366088631984,0.05864577613356086,0.05848119732732495,0.05820333977198231,0.057825268248184084,0.05735879559608857,0.054044292840439524,0.045180780774341546
5.009633911368015,0.06041164117199991,0.060203892383799584,0.05988410871295965,0.059465304782399656,0.05895926026588375,0.05546337654352017,0.046309294490217326
5.028901734104046,0.057930119130989874,0.05778228716214542,0.05752060287600679,0.057158244004740406,0.05670706742140662,0.05346329132064359,0.044715312855394554
5.048169556840077,0.06265635078260763,0.06239499272396066,0.06202329848137992,0.061554062192328646,0.06099896960751198,0.057277227897828534,0.04775755022902314
5.067437379576107,0.06461372885743057,0.0643028355164631,0.06388282859345916,0.06336665486384237,0.06276603209009675,0.0588369834480502,0.048990217081594525
5.086705202312138,0.06435390222595726,0.06405202814772817,0.06364110490730047,0.06313375671604138,0.0625415972438499,0.05864914712330852,0.0488530659920515
5.105973025048169,0.065011747854251,0.06469396629057325,0.06426761516574127,0.06374527838023927,0.06313855010599115,0.05917917887374462,0.049275370233753786
5.1252408477842,0.06500455758968626,0.06468581861965067,0.06425839990006652,0.0637350257105034,0.0631273366543181,0.05916449359170822,0.049258498564875505
5.1445086705202305,0.06760237262428768,0.06721945070259006,0.06672961636146667,0.06614560350830222,0.06547903150481356,0.061246848122149276,0.050911382032545416
5.163776493256262,0.06981657607195714,0.06937898456333147,0.06883599029715187,0.06820033097577868,0.06748360639908864,0.06302198787236014,0.05232057546406636
5.1830443159922925,0.07016597470292,0.06972036099638783,0.06916963884246745,0.0685264717538775,0.06780243174282073,0.06330685502071304,0.05254949449556612
5.202312138728323,0.06856015547965373,0.0681556850402983,0.06764514997536358,0.06704102612222705,0.06635483860438192,0.06203121088738025,0.051543692862981196
5.2215799614643545,0.07097203589083247,0.07050960038266736,0.06994289174863652,0.06928419386573567,0.06854494578401053,0.06397728969710553,0.05309586856766345
5.240847784200385,0.06712674679492393,0.06675838495812281,0.06628304771541414,0.06571311973527975,0.06506010950547056,0.06088767580985608,0.05063919288879197
5.260115606936416,0.06871749073694136,0.06830968232570929,0.06779596727769328,0.06718875407329918,0.0664995441105576,0.062161644633584576,0.051649749075359505
5.279383429672446,0.06976346528441132,0.06933060468089203,0.06879262233643019,0.06816183286141878,0.06744969681790694,0.06300628713516455,0.052323820588728046
5.298651252408478,0.07138168541045038,0.07090714799246865,0.07032843237463701,0.06965806898880465,0.06890757446513776,0.0642900860234082,0.0533350513842602
5.317919075144508,0.0718209215412129,0.07133648872406578,0.07074826526706972,0.07006866489948471,0.06930916157825567,0.06464968757463926,0.05362488280588579
5.337186897880539,0.07309891205133012,0.07258350493584732,0.07196523231262962,0.07125643837908721,0.07046856211336405,0.06567881738270419,0.05444452034915381
5.35645472061657,0.06970738777147487,0.06927514935613673,0.06873768024037182,0.0681073892457246,0.06739576857709581,0.06295533695904712,0.052279871503499845
5.375722543352601,0.0692543576752606,0.0688325474097491,0.0683051273064179,0.06768459909412845,0.06698248992167,0.06258618721182314,0.05198334306917043
5.394990366088631,0.07004106101919336,0.06959880017958406,0.06905137065195859,0.06841140249718208,0.0676904578533995,0.06320882300241629,0.052472906210511774
5.414258188824663,0.07105048867452263,0.0705825209187381,0.070010000005214,0.06934565467275879,0.06860107016106812,0.06401192671162068,0.05310684913148318
5.433526011560693,0.07209480065757058,0.07160271391832922,0.07100694054763203,0.07032000505152931,0.06955341539920198,0.0648622488568221,0.053789527902533885
5.452793834296724,0.0789203367058308,0.07826010364057338,0.07750087280374592,0.07665513352443401,0.07573431798838086,0.07033729928222134,0.05813763362872526
5.4720616570327545,0.08184083064512511,0.08111091167207472,0.08028421085434814,0.07937292289115497,0.07838835520416255,0.07269771576445591,0.06002257624970673
5.491329479768786,0.08277586074450795,0.0820234333445606,0.08117491521693375,0.08024243118376628,0.0792372567980001,0.07345187680692603,0.06062392102441775
5.5105973025048165,0.0823236512823917,0.08158096448984058,0.08074174648933292,0.07981829755417649,0.07882195543573797,0.07307814002282238,0.060320685764514506
5.529865125240847,0.07971886334857371,0.0790410035609396,0.07826488425737135,0.07740273769879635,0.07646590366075255,0.07099390441387511,0.058668476809575966
5.5491329479768785,0.08175950805102604,0.0810297311698778,0.08020294391116842,0.07929157163323516,0.07830699870340793,0.07261785348086858,0.059950606382198346
5.568400770712909,0.08022830816429126,0.07953699511603485,0.0787476887362809,0.0778727303790874,0.07692349106165566,0.07139545272239559,0.05898322664363294
5.58766859344894,0.07653634474096634,0.07593559237661925,0.07523427423599821,0.07444479899624856,0.07357859461708874,0.06843090427655707,0.05662708676439933
5.606936416184971,0.07959160512804897,0.07891619862792429,0.07814238195026005,0.07728247233853423,0.07634783883230523,0.07088646690677011,0.05858002349200707
5.626204238921002,0.08122682435612126,0.080511068620314,0.07969801993139816,0.07879999524367552,0.0778283481288678,0.07219762811045724,0.059621002705455964
5.645472061657032,0.08642059212859722,0.08557895163958895,0.08464377749416752,0.08362710466925476,0.08254014478077515,0.0763799850188587,0.06295196625619506
5.664739884393063,0.08879487878452373,0.08789528528418104,0.08690383900607361,0.08583249622954447,0.08469242025846327,0.07828872361382581,0.06447029078202417
5.684007707129094,0.08901282641386536,0.08810655231591304,0.08710845349740615,0.0860306473444167,0.08488434832161887,0.07845324012264046,0.06459492288763825
5.703275529865125,0.08543923018293065,0.08461865582373441,0.08370358518010469,0.08270644294500339,0.08163857867376177,0.07556835108905785,0.06229311574242863
5.722543352601155,0.08564704566596507,0.08482040316309439,0.08389931913353044,0.08289633454477516,0.08182283540121967,0.07572759223821499,0.06241522431232869
5.741811175337187,0.08310373434703183,0.08234006049448035,0.08148022713756152,0.08053674945304844,0.07952102883637273,0.0736899666187996,0.06079845257631267
5.761078998073217,0.08450877809865187,0.08371269633403403,0.08282162484277403,0.08184779877955255,0.0808025138467319,0.07483434463709568,0.061717404971239474
5.780346820809248,0.08556553768867269,0.0847429154597159,0.08382598239198895,0.08282703094787171,0.08175736582272301,0.07567802855175777,0.062385101854421
5.799614643545279,0.08316969467900558,0.08240488960919129,0.08154401614742415,0.08059952805895391,0.07958280583638334,0.07374675681793291,0.060845820296691264
5.81888246628131,0.08718509082362717,0.08632165346724834,0.08536493271240747,0.08432732618348547,0.08322015808326777,0.07696992783206683,0.06340687282678217
5.8381502890173405,0.08057712634720687,0.07987507957295045,0.07907508050862093,0.07818973350577829,0.07723049316421786,0.07165842878305206,0.05918224516895576
5.857418111753371,0.07932815051094552,0.07865501532310898,0.07788289759917091,0.07702463781267337,0.0760917802901699,0.07064197783261751,0.058366487854710124
5.8766859344894025,0.07743787248013484,0.07680963340197118,0.07608095825920323,0.07526490393012635,0.0743731039846633,0.06911257422975836,0.057144214867996944
5.895953757225433,0.07894055326372135,0.0782753381262227,0.07751072312897585,0.0766597521714308,0.07573404041054486,0.07031827049108648,0.05810193363659518
5.915221579961464,0.07428123662762878,0.07373400322125066,0.07308446605438434,0.07234529720251794,0.0715280328192781,0.06660598846258833,0.05516845317839366
5.934489402697495,0.07582017735229842,0.0752360693334776,0.07455081094519679,0.07377693805227936,0.0729259273540063,0.06784858892192427,0.056160047132425416
5.953757225433526,0.0726400011406342,0.07213491804274602,0.07152656316007676,0.07082740442957208,0.07004892601168963,0.0653029931591718,0.054141547984616414
5.973025048169556,0.07056187948272481,0.07010877039415166,0.06955103426994669,0.06890105330695596,0.06817030288369745,0.06364217277832748,0.052826158791721325
5.992292870905588,0.06957170639894217,0.06914598891859504,0.06861524238833379,0.06799148315682499,0.06728607508011872,0.06287148430229372,0.052227871906944334
6.011560693641618,0.06963493267746075,0.06920871450880704,0.06867760876926166,0.0680535007453488,0.06734771041206605,0.06293050806373193,0.052279599206183726
6.030828516377649,0.07238216086766466,0.07188681243280177,0.0712883289034034,0.07059876109419921,0.06982945782410041,0.06512275797705755,0.054013942824855984
6.050096339113679,0.07360979259105745,0.07308466132349781,0.07245728094258026,0.07173963906654306,0.07094305210132487,0.06611110680542574,0.05480096793238019
6.069364161849711,0.07906143486802253,0.07840302726296154,0.07764621061584763,0.07680281774702157,0.0758840626867314,0.07049214999661466,0.058284951749744775
6.088631984585741,0.07819363599226833,0.07755718739359205,0.0768217874979573,0.07599920174376674,0.07510063006461576,0.06980061770317177,0.05773842648137739
6.107899807321772,0.0763745338322057,0.07578286287029339,0.07509098764787141,0.07431068740000835,0.07345318371797754,0.0683411581618369,0.05657920740083552
6.127167630057803,0.07772219217500001,0.07709814096858472,0.07637488727986676,0.07556410206735331,0.07467695849213789,0.06942861059431389,0.057446587629342
6.146435452793834,0.07809832196646344,0.07746488170663932,0.07673248592681665,0.07591281887911826,0.07501705457928773,0.0697293522853557,0.05768486145837469
6.165703275529864,0.07279807814850603,0.07229453933863071,0.07168834185575021,0.07099128008135044,0.07021461423065921,0.06547254095073114,0.05430116752085394
6.184971098265896,0.06744896783237396,0.06707673467911751,0.06659812472002456,0.06602501793010543,0.065368753079857,0.06117810680488034,0.050888514827550614
6.204238921001926,0.0678321746502984,0.06744978162345884,0.06696120828050388,0.066378421637814,0.06571278561111792,0.06147983685148463,0.05112483491451958
6.223506743737957,0.06714290646505414,0.06677786066068601,0.0663061951039046,0.06573983494369998,0.0650901367476632,0.06092983183635429,0.050689724795957056
6.2427745664739875,0.06890876935262358,0.06850159703816697,0.06798914563234039,0.0673831610557619,0.06669492408071763,0.06235711527138551,0.05182954120762373
6.262042389210019,0.06836661117959085,0.06797113181042559,0.06746984663058625,0.06687471007509597,0.06619707688024556,0.06190915537092947,0.051466150372431074
6.2813102119460495,0.06776046009568537,0.06737943397461128,0.06689214118616733,0.06631059856831792,0.06564618716583624,0.06141916928441572,0.051074819202000785
6.30057803468208,0.06980873849692198,0.06937544980855985,0.06883713423181455,0.06820602113534054,0.06749354250228576,0.06304800432637896,0.052360106287304344
6.319845857418112,0.07079676943764511,0.07033894880816444,0.0697767622235728,0.06912245769946598,0.06838746408937152,0.0638390371959806,0.05298743756009141
6.339113680154142,0.07399385475901522,0.07345516437798201,0.0728141085744216,0.07208317988211106,0.0712738578579765,0.0663869699622139,0.055001234912718314
6.358381502890173,0.07294329579910934,0.07243231058272843,0.07181840753313976,0.07111385887596859,0.07033008128172123,0.06555861524178089,0.05435176090280911
6.377649325626204,0.07345643359592988,0.07293510661394614,0.07231142760748639,0.07159738173140058,0.0708042860197229,0.06598829783701911,0.0547035578422995
6.396917148362235,0.06963978337069988,0.06921254084331287,0.06868033013483255,0.06805514843803788,0.06734835264227321,0.06292728663038825,0.05227288627801163
6.416184971098265,0.07123253580999896,0.07076571640743834,0.07019499147498791,0.06953239200461481,0.06878927107561508,0.06420223128216616,0.05328384635206369
6.435452793834296,0.07132503348715345,0.07085589138130831,0.07028290320275503,0.06961810491365257,0.06887285036528212,0.06427608146236624,0.05334229357289881
6.454720616570327,0.07203633535192039,0.07154540139408282,0.07095071397024671,0.07026483345206462,0.06949928020388316,0.06481309152885295,0.05374916871699311
6.473988439306358,0.07066180874385139,0.07020612695293062,0.06964587648044306,0.06899345273346105,0.06826033451411043,0.06372145812039656,0.05288861517173475
6.493256262042388,0.07251983024362973,0.07201934419138795,0.07141565563085843,0.07072103066526446,0.06994688792393462,0.06521946336287995,0.05408272584040227
6.51252408477842,0.07054093763148485,0.07009026040297739,0.06953511949273386,0.06888766020177947,0.06815927986450462,0.06364043421986033,0.052833574993858747
6.53179190751445,0.0714645593644435,0.070987848797977,0.07040700475825186,0.06973457352367234,0.06898207617906163,0.06435552865073432,0.053386419743086465
6.551059730250481,0.0744028087351189,0.07385170558659955,0.07319830103651552,0.0724553747496469,0.07163449727090623,0.06669663028610082,0.0552364212801383
6.570327552986512,0.08164929327443582,0.08091910802539277,0.08009154692475891,0.07917942227464012,0.0781942472766996,0.07250489432127274,0.059846556743097135
6.589595375722543,0.08167739305797599,0.08094766239962842,0.08012068158199337,0.07920912090030365,0.07822444639060477,0.07253644859668797,0.05987688163306667
6.6088631984585735,0.07980439265413387,0.07912145459768724,0.0783400401417017,0.07747274865088911,0.07653104034230476,0.07103915641838952,0.0586907722549981
6.628131021194604,0.07488382735963534,0.0743224784660413,0.07365930741970583,0.07290689298015572,0.0720767348161778,0.06709508409363885,0.05556022526311748
6.6473988439306355,0.07329367203177013,0.07277299861398148,0.07214955002678396,0.07143572740625788,0.07064298670512695,0.06583136078064991,0.05456351466135824
6.666666666666666,0.0725390690277583,0.07203570434317218,0.07142892728814643,0.07073130132592624,0.06995434311585076,0.0652159943374282,0.05406893001145975
6.685934489402697,0.07051993423108811,0.07006608174103159,0.0695074085778206,0.06885651693405545,0.06812495524188328,0.06359456140329867,0.05278018980116027
6.705202312138728,0.06724508072275612,0.066872355481732,0.06639260177278393,0.06581838280404935,0.06516126491820642,0.06097121285785998,0.05069888575330641
6.724470134874759,0.07106279591090056,0.07059614950668615,0.07002510910478948,0.06936220242553214,0.06861894820133638,0.06403456802920711,0.053132289007310166
6.743737957610789,0.06672708197272346,0.06636781575248957,0.06590122998946542,0.06533980419686812,0.06469508194454465,0.06056119201608875,0.05037646623746195
6.763005780346821,0.06586133050568345,0.0655253521340004,0.06508164132436484,0.06454243958093644,0.06391922000362503,0.0598821434194628,0.049846187916270726
6.782273603082851,0.06848691677331047,0.06808632686868553,0.06757981464174441,0.06697959946863258,0.06629712245836132,0.06198878317421541,0.05151953128777884
6.801541425818882,0.06428322698169485,0.06398570031466057,0.0635793177193203,0.06307638136838424,0.062488399234523186,0.0586129417778564,0.048836279575518615
6.820809248554912,0.06154230536760965,0.061312314912052024,0.060971586919288175,0.06053243596726973,0.060006399892609176,0.056414442254113926,0.047090367128647254
6.840077071290944,0.060322068285455374,0.060123180235520914,0.05981281306059153,0.059403158732255774,0.0589057260643653,0.05544382891469515,0.046324322027059286
6.859344894026974,0.059026261957595985,0.05885964595213849,0.058580693125286604,0.05820155883209677,0.05773375197444429,0.0544071590434533,0.04550263974806595
6.878612716763005,0.05703496688699106,0.056917256746850615,0.05668582798234664,0.05635286470036141,0.05592990401852518,0.052808682407185094,0.04423249568978156
6.897880539499036,0.05591208808223344,0.055820687341794115,0.05561467112806942,0.055306396650677485,0.05490746875485414,0.05189734230463424,0.043502528942989505
6.917148362235067,0.056962117490662934,0.05684723277104399,0.056618675006460784,0.05628850117156051,0.05586820708009179,0.0527583489753591,0.04419725525097946
6.9364161849710975,0.06319531853873524,0.06292442212759342,0.06254390664658713,0.062066100934888034,0.06150253199964136,0.0577389463361465,0.0481413993456997
6.955684007707129,0.05781299336074035,0.057673895017741644,0.05742140642789421,0.05706798250052435,0.05662524247875043,0.05341530804380036,0.04470405765153794
6.9749518304431595,0.055106100332608134,0.05503344337179018,0.05484551413281182,0.05455481148865637,0.05417299464947493,0.0512420878437409,0.042977043347127666
6.99421965317919,0.05306556454686868,0.05304252386929475,0.0529027486569775,0.05265882896266932,0.05232247329362666,0.049600162457301554,0.041670085985312064
7.013487475915221,0.050170506174423396,0.050219827150208236,0.05015052149028685,0.04997506524659836,0.04970515649046369,0.04728610595598987,0.03983712329168519
7.032755298651252,0.04854355162060633,0.04863339862621455,0.048603542737577825,0.048466413198641055,0.0482337079158039,0.045984564156297356,0.0388055300265168
7.052023121387283,0.05357676638626674,0.05354243373431424,0.053391838452997054,0.05313740697435374,0.05279078895995713,0.05002044846183432,0.04200983871370172
7.071290944123313,0.05235371229090959,0.05235103803105628,0.05223140275890787,0.05200705012364009,0.051689580915695046,0.04905140015823397,0.04124727063252038
7.090558766859345,0.049044925611254196,0.04912313718612665,0.04908205669908176,0.0489340222581591,0.048690696956454345,0.04639236418942995,0.039132678254446766
7.109826589595375,0.051026995876758206,0.05105709624633478,0.05096933265729967,0.05077594432518768,0.05048854304827897,0.04798790114744904,0.040403092904650106
7.129094412331406,0.05309814855718547,0.05307761211685275,0.052940670304456004,0.052699503937090594,0.05236568605499411,0.04965229260645598,0.04172666947855252
7.148362235067437,0.05137242961124798,0.05139376004919749,0.0512974396879877,0.05109573815076298,0.05080027403136132,0.04826294282448772,0.04062032727319085
7.167630057803468,0.05073571654971656,0.05077468507931767,0.050695746566030764,0.05051093236152925,0.050231788349906145,0.04776755726462147,0.040235874047250306
7.186897880539498,0.05061741973736335,0.05065675694642184,0.050577869701648466,0.05039310484820449,0.050114113582182776,0.04765265793125489,0.04013293716389262
7.206165703275529,0.04932980556911938,0.049397750331408,0.04934629734483376,0.04918818512823101,0.04893520634266687,0.04659534207220166,0.03927896003037253
7.22543352601156,0.051474313044656946,0.05149003428521397,0.05138788719897976,0.05118052426791185,0.05087968957713117,0.04832030669714983,0.040651653657132844
7.244701348747591,0.04837100762092439,0.04846447454722335,0.048438061541533316,0.048304276752206374,0.048074845767919094,0.04584120206513463,0.03868878084719925
7.263969171483621,0.050456594691259626,0.05049940563609285,0.05042383636019523,0.0502422949242619,0.04996645425428584,0.04751981626265317,0.040025197278760825
7.283236994219653,0.049197660956484805,0.049272255350718046,0.04922767609786369,0.04907624252819755,0.048829610097140326,0.04651602281968584,0.03923155164888443
7.302504816955683,0.05278566888632425,0.05277160895001392,0.052640815674218584,0.05240562257310685,0.0520776560566417,0.049392039073748215,0.04151437673850132
7.321772639691714,0.05647088241044775,0.05636621105997053,0.056147354045961224,0.05582660443877532,0.055415540646891435,0.05234946737786964,0.0438638656430007
7.341040462427745,0.059054717265462,0.05888575512269574,0.05860432308916857,0.058222779877173614,0.05775270128509306,0.05441705312363619,0.04550294381420596
7.360308285163776,0.05043196242089345,0.0504743985806713,0.050398346537298876,0.05021633590188119,0.04994007997715317,0.04749234214281358,0.03999887133742591
7.379576107899807,0.05316802822222707,0.053142103844069914,0.05299948196751842,0.05275279658969679,0.05241376976839368,0.04967952700901276,0.041731464021726825
7.398843930635838,0.05677434131951847,0.05665870098654184,0.056428759386140837,0.05609724014576779,0.055675861023815464,0.05256542656900938,0.04401933424946325
7.418111753371869,0.055962460921187576,0.055867295347915805,0.05565731476751513,0.05534518833621848,0.05494262345418908,0.05191791015534834,0.04350727504509797
7.437379576107899,0.054842758750308196,0.054776676272748584,0.05459514869170503,0.054310665464033334,0.05393488516557895,0.05103153501290784,0.04281022906011464
7.45664739884393,0.05677257536651402,0.05665667981029673,0.056426454061136055,0.056094658708076305,0.05567302373363725,0.05256166197413884,0.044014972959655264
7.475915221579961,0.05617342077197926,0.05607089637935512,0.055853501349709435,0.05553417117193831,0.055124699226297744,0.052070137453515665,0.04361824310998559
7.495183044315992,0.056521674338765,0.0564097967101074,0.056183215873166846,0.055854961271565154,0.05543685404269283,0.0523434021781504,0.04383170705264938
7.514450867052022,0.06331048576268011,0.06303240402693837,0.06264437896257782,0.06215927668556952,0.06158880057001399,0.05779714926003763,0.04816765797700666
7.533718689788054,0.06437521490547138,0.06407169117375908,0.06365902859203006,0.06314999037676994,0.06255623590757238,0.058657403226222905,0.04885445916510385
7.552986512524084,0.0674666148820904,0.06708522050913941,0.06659665191301323,0.0660138684419446,0.06534856519157341,0.061123670518083276,0.050805216656958654
7.572254335260115,0.06470663524564271,0.06439283777332802,0.06396993345295386,0.06345094470505552,0.06284761340248762,0.05890667048569329,0.04904273473980518
7.591522157996146,0.06054236228210207,0.060331998340989755,0.06000974545560603,0.05958854271861623,0.059080143629076744,0.055572990024937964,0.0463991243904011
7.610789980732177,0.061923930693671594,0.06168111771070476,0.06132751197009318,0.060875849288237305,0.06033780303911337,0.056693668557229945,0.047296411332514054
7.630057803468207,0.06415198595184303,0.06385409362119424,0.06344692135364474,0.06294321716545137,0.06235463751446281,0.05847938082664432,0.0487136864973809
7.649325626204238,0.06352229415683958,0.06323961921140112,0.06284720439009726,0.062357837446186504,0.06178319388128528,0.05797195969965304,0.04830935478752833
7.668593448940269,0.060812416592537985,0.0605966210223413,0.060269235305866635,0.059843046090645675,0.05932975398805039,0.05579921027079491,0.046584387773049435
7.6878612716763,0.061840663447191635,0.061597889656327454,0.061244079249033606,0.06079221736553613,0.060254060508256393,0.05661106102330451,0.04722156886834093
7.7071290944123305,0.06029990343219133,0.060094192581371615,0.05977630378643798,0.0593593406555578,0.05885511330260573,0.05536812924519914,0.046230370699470766
7.726396917148362,0.06238942553371326,0.06213317880592445,0.06176627668321471,0.06130169581758195,0.06075118474920084,0.057051605898025035,0.04757164526417723
7.7456647398843925,0.06369638098312845,0.0634076108398611,0.06300905281729018,0.06251371724596747,0.06193335150288992,0.05809740198506978,0.04840068220155637
7.764932562620423,0.06632722248144778,0.06597500584327869,0.06551493513996108,0.064959838417619,0.06432137811713298,0.060218432181848726,0.050091397538245375
7.7842003853564545,0.06530932575489673,0.06498427101333427,0.06455085647965655,0.06402165739303335,0.06340826226730151,0.059418331572009576,0.04946556203311573
7.803468208092485,0.06929220080775582,0.06887032106233741,0.06834293751441309,0.06772244497196146,0.06702033491461858,0.06262332440016886,0.052016797569261586
7.822736030828516,0.07200541479341237,0.07151768132079538,0.07092639938038829,0.0702438278291237,0.06948138773895868,0.06480745793520382,0.05375589198923181
7.842003853564546,0.07464148434759908,0.07408743542128311,0.07343152123260287,0.07268615728498387,0.07186279160585779,0.06691114358441475,0.05542025169782194
7.861271676300578,0.07123055651518924,0.07075986456163257,0.07018490194570193,0.06951818473470245,0.06877122623526534,0.06416982140971841,0.053240103247976546
7.880539499036608,0.0699463372922114,0.06950823908072445,0.06896507679401691,0.06832925471950752,0.06761226131827336,0.06314721830854335,0.05243237997149395
7.899807321772639,0.07015829858932737,0.06971371526685258,0.06916409626817534,0.06852200107897688,0.06779896742599062,0.06330731032618184,0.05255371874181138
7.91907514450867,0.07129731356665998,0.07082542906059767,0.07024936168270106,0.06958157124393276,0.06883355184323788,0.06422692285775825,0.05328752665391003
7.938342967244701,0.07209325817888566,0.07160087031682084,0.07100476330399204,0.07031750360365675,0.06955061305695366,0.06485834601364092,0.053784871354604594
7.957610789980731,0.07396502333952112,0.07342525626548596,0.07278293819069634,0.07205078284300619,0.07124034310546785,0.06634979730640328,0.054963509024153534
7.976878612716763,0.07613872604048519,0.0755441329015692,0.07484836352755608,0.07406427842541084,0.07320345852130844,0.06808337740894847,0.05633439772575412
7.996146435452793,0.07240313223829632,0.07189834034077518,0.07128959962907067,0.07059006505708372,0.06981144991721532,0.06506941349216668,0.05393059184974418
8.015414258188825,0.07430696045326075,0.07375444736436247,0.07309921718724646,0.07235451657123823,0.07153207119607238,0.06659010441130893,0.055134507109863604
8.034682080924854,0.07533905743376132,0.07476105558230488,0.07408103979046994,0.07331225920224176,0.07246643061876931,0.06741749643425984,0.055791304728876855
8.053949903660886,0.08166219859770987,0.0809290418527384,0.08009827195434548,0.07918302938464415,0.07819493561394822,0.0724943886583319,0.05982602990805511
8.073217726396917,0.0812130613505872,0.08049289072695982,0.07967497668152067,0.07877222430041676,0.07779618153056891,0.07214922142897698,0.059560732547852345
8.092485549132947,0.08188250897623545,0.08114382207732228,0.08030766382952396,0.07938718629984086,0.07839401271370808,0.07267030062889271,0.05996526129171651
8.111753371868978,0.0827524254819145,0.08199300197210013,0.08113676906190397,0.080196788526224,0.07918464559129393,0.07337354985402676,0.06052694377246769
8.131021194605008,0.08377576303607637,0.0829915374909073,0.08211124336404456,0.0811478867150681,0.08011302474861434,0.07419761724103405,0.06118326333972572
8.15028901734104,0.081435503310394,0.08071077811728543,0.07988854814576173,0.07898160288069082,0.0780014499975422,0.07233492424531722,0.05971245988327778
8.169556840077071,0.07681984978012481,0.07620740272263063,0.07549414765340025,0.07469307448575291,0.0738158004825814,0.06862128965310757,0.05675665652109635
8.1888246628131,0.0764573226852075,0.07585256140859631,0.07514662757966649,0.07435266699049613,0.07348235179502224,0.06832070518777594,0.05651222575379822
8.208092485549132,0.07070406903838423,0.07024107849240731,0.06967296685501508,0.0690129046255792,0.06827262620330757,0.06370609183144643,0.05284763445207159
8.227360308285164,0.06973615030588454,0.06929455445065777,0.06874694531314392,0.06810680143066672,0.06738596803915439,0.06291042688835964,0.05220449507238807
8.246628131021193,0.06864128514108431,0.06822660320147285,0.06770515047519914,0.0670904183126899,0.06639426647431498,0.062031733720213963,0.05150639959031221
8.265895953757225,0.06963993191231034,0.06920144903641462,0.06865695567445174,0.06801983899403247,0.06730191495839175,0.06283908341481134,0.052151246213290724
8.285163776493256,0.07027192093124265,0.06981635641603662,0.06925507523831988,0.06860164842422223,0.06786794671984267,0.063334138696683,0.05253745770169693
8.304431599229286,0.06802138461025563,0.06762030558473807,0.06711187516456923,0.06650979425917379,0.0658259976687687,0.06152137247787296,0.05109342775234107
8.323699421965317,0.0683613022060028,0.06795166696932563,0.0674348969283301,0.0668247138008043,0.06613305606397865,0.06179260119274479,0.051307991343250904
8.342967244701349,0.06711281067825225,0.06673330953038117,0.06624575818097013,0.0656639617682114,0.0649998980578789,0.060786241590732294,0.05050591600510653
8.362235067437378,0.06750151847446868,0.06711159344931063,0.06661380657170847,0.06602206588677136,0.06534837949380043,0.061091374267936184,0.05074434841337496
8.38150289017341,0.06632102617595524,0.06596059192669022,0.06549152286236229,0.06492768245961743,0.06428107519540723,0.060147670166208214,0.049996769598209506
8.400770712909441,0.06368419224055322,0.0633874296226157,0.06298010144968043,0.062476243925316595,0.06188794336231175,0.058022442451887035,0.04830307662438767
8.420038535645471,0.05656287518582633,0.0564427086767801,0.05620719247618883,0.05587025559517347,0.055444015889333884,0.05231927695732036,0.04377915031173226
8.439306358381502,0.05926216318780001,0.059076273878085644,0.05877696096526685,0.0583780438226727,0.0578915787197745,0.0544905724268445,0.04550707515097262
8.458574181117534,0.058258536865677626,0.05809817358822359,0.057823771640375776,0.057449056384341626,0.05698606247484378,0.053691823770950706,0.044876416541745415
8.477842003853564,0.05379741784806988,0.05374790367835355,0.05358137435831543,0.05331146073498119,0.05295020818495798,0.0501208386463737,0.04204481862623723
8.497109826589595,0.052108095400939775,0.05210033028740553,0.051974401847333644,0.051743933208658444,0.051420983079497586,0.04876680555031054,0.04097009955375884
8.516377649325625,0.05405580870651463,0.05400127341592782,0.05383002518792127,0.05355552724711782,0.05318976717939833,0.050338671364792045,0.042223986477708156
8.535645472061656,0.05432967127131575,0.0542666594538802,0.054086962346689964,0.05380425575768053,0.053430594909372374,0.050544750346271004,0.04237970477667384
8.554913294797688,0.05589385401170754,0.05579263360299582,0.05557583257143104,0.05525707847629543,0.05484839590020803,0.05180200090893833,0.04337966363347257
8.574181117533717,0.05478639509887279,0.0547136372791289,0.05452464756744318,0.0542329132079065,0.05385042285137426,0.05092294002570412,0.042686962222053544
8.593448940269749,0.05343379490646627,0.05339444061251971,0.053237932887730495,0.05297775575802838,0.05262590952687812,0.04983860978630929,0.04182620085087939
8.61271676300578,0.04969205842239549,0.04974311398464697,0.049674281739203165,0.04949928362386706,0.04923023369390277,0.0468233129496616,0.03942343601011242
8.63198458574181,0.051838379206439224,0.051835225801026036,0.051713535213499494,0.05148718340884896,0.05116831513673727,0.04853447726847824,0.04077625904035329
8.651252408477841,0.05630393460876011,0.05619158770713107,0.05596384687758674,0.055634464259583676,0.05521550172650329,0.05212289344170993,0.04362980346444794
8.670520231213873,0.050657613103558305,0.05068603219227148,0.05059533343960251,0.050399091569844436,0.05010936294021382,0.04760686319268964,0.04005098539594048
8.689788053949902,0.05411953219041414,0.05406280552876134,0.05388935204501708,0.05361271152097797,0.05324489622846966,0.05038490116590853,0.04225784689623599
8.709055876685934,0.05652005580160379,0.05640468425456943,0.056174280564097685,0.055842311311182745,0.05542074202440082,0.052314327659234515,0.043792392029672646
8.728323699421965,0.05840892583928066,0.05824855795977298,0.05797459798287901,0.05760031278025006,0.0571375841644222,0.05384154144626112,0.04501230651933273
8.747591522157995,0.05727815063157075,0.05714378646336324,0.056894881520281444,0.056544937693928085,0.05610592504844554,0.0529199355240176,0.04427189031350763
8.766859344894026,0.0559796081988138,0.05587986112684581,0.055664924997245756,0.055347983354691925,0.05494091332829315,0.051898973625189394,0.04347314034983592
8.786127167630058,0.05592132582168534,0.055823045967039055,0.055609539933577624,0.055293987677552,0.05488826569079924,0.05185246997519499,0.04343635301532907
8.805394990366088,0.05302467564122402,0.052998116827957416,0.05285437557519801,0.05260660194089003,0.052266689772936005,0.04953179306481471,0.041595011267176366
8.824662813102119,0.05402095399549105,0.05396914423287863,0.05380077077669391,0.05352906609786526,0.05316594189753439,0.05032538698534254,0.04222200805004713
8.84393063583815,0.05143172181260479,0.05144088700132017,0.05133144907678314,0.05111700151192138,0.05080959957895274,0.048226363608625554,0.04054212835916075
8.86319845857418,0.048324211137953904,0.048410100938783805,0.04837526879880566,0.04823330300034772,0.04799628631430753,0.04573504566584551,0.03856439234772301
8.882466281310212,0.04905041948815785,0.049117534950317954,0.0490643453139736,0.0489045445035182,0.04865024335396327,0.046310617453535076,0.03901743255792051
8.901734104046241,0.049600224927054945,0.04965428799443115,0.049588469298881194,0.04941639907079898,0.04915016194000112,0.04675550681002756,0.03937300808128067
8.921001926782273,0.052530460490842285,0.052513890340510266,0.05237959542889703,0.05214099880237028,0.05181008911635473,0.04911817775206094,0.04125649351448159
8.940269749518304,0.047063329946621914,0.04718013992890183,0.047175348671825684,0.04706256845790679,0.046853901837988,0.044722527551887895,0.03775963400148252
8.959537572254334,0.04914547757212031,0.04921296454165024,0.04916046341710719,0.049001332004304426,0.04874756923274334,0.04640819420025812,0.03910738240074621
8.978805394990365,0.051723883159312874,0.0517290725711924,0.05161615843311709,0.051398334202969166,0.05108752029106571,0.04848604078442851,0.040763147005247566
8.998073217726397,0.047532126249635015,0.047640539449266425,0.04762796585490527,0.04750762543606176,0.04729148676497189,0.04512334382755141,0.038092421031186346
9.017341040462426,0.04845507262897096,0.04854128567303871,0.04850719572153247,0.04836595161915961,0.0481294897709312,0.045867895249424626,0.03868618278375632
9.036608863198458,0.05287956787846784,0.05285589699241764,0.05271488027194621,0.0524697534781566,0.05213244012877076,0.049409997743044984,0.04149513211099153
9.05587668593449,0.048711900099765865,0.048789149301193366,0.048746027314048805,0.04859600784653151,0.048351132183880534,0.04605318069138203,0.03882122327090667
9.075144508670519,0.04741967618735992,0.047528620481295955,0.04751629301547062,0.04739619131509976,0.04718037667951745,0.045015543161627834,0.0379965287016689
9.09441233140655,0.05184219114616063,0.051844087812792095,0.051727927113414555,0.05150694868450712,0.051193087075881036,0.04857796757015186,0.04083441559747615
9.113680154142582,0.04631032333518455,0.0464493903673097,0.04646668275023776,0.04637535811517476,0.0461873759314077,0.044147645404450764,0.03732010084246085
9.132947976878611,0.04644003837974324,0.046576930451251504,0.04659223165744087,0.04649897271858662,0.04630906996892277,0.04425971705855262,0.03741379024061549
9.152215799614643,0.04370990846401428,0.04391564739912528,0.04399806752288509,0.043970016891996755,0.043843377176643814,0.042082265615295655,0.03569183182773676
9.171483622350674,0.04514679169842159,0.045316749575904626,0.04536434013548204,0.045302451479523276,0.045142964996516724,0.043231835129846755,0.036603021039069414
9.190751445086704,0.048140541595650524,0.04823634185287267,0.04821179362462372,0.048079819920505106,0.04785228551445476,0.04563004974226956,0.038505736199124466
9.210019267822736,0.04590876680832137,0.046059590646848586,0.04608853695028995,0.04600853478047771,0.04583147189066955,0.04384019531848053,0.03708449471662013
9.229287090558767,0.04430964285927779,0.044500557615289114,0.044568560933785084,0.04452650393943357,0.044386263677724774,0.04256294652882328,0.03607334426728606
9.248554913294797,0.043731952250871044,0.04393760813244968,0.04402000301852318,0.04399192795120434,0.04386524556289886,0.042103563490975174,0.035710857906452745
9.267822736030828,0.044268077650077106,0.04446228760375759,0.044533768265421776,0.04449509002173012,0.04435803758790019,0.04254745769577489,0.036071471694651525
9.287090558766858,0.04782931288728759,0.047938721867720094,0.04792811975635861,0.04780969618763562,0.04759507664508423,0.04542710239485625,0.03837184240878014
9.30635838150289,0.045001060893197796,0.045179245092456986,0.045235391960074735,0.0451818168453564,0.04503021334019863,0.04315138012348389,0.036560413157772455
9.32562620423892,0.04503516223221346,0.04521149205346561,0.045265713874969686,0.04521026833835134,0.045056890095971025,0.04317076170559799,0.0365711483558953
9.34489402697495,0.04799092356349563,0.04809436918212698,0.048077730852952257,0.04795344256285367,0.04773320897984126,0.04554115747421247,0.03845332063112499
9.364161849710982,0.04868532453000032,0.04877243523669479,0.048740010598194015,0.04860038557848596,0.048365225612790545,0.04610423053382659,0.03890403742932076
9.383429672447013,0.04977551975734004,0.04983558037287189,0.04977683663441095,0.04961164179262873,0.04935165707371685,0.04697720312275558,0.03959643637201603
9.402697495183043,0.04906418931756305,0.049140600203115656,0.04909760923746925,0.04894771847133277,0.048702644963032435,0.046397392803975424,0.03913058304258831
9.421965317919074,0.0470924580402801,0.04721505519272414,0.04721667454815472,0.04711012360458831,0.04690723883805993,0.04479702081362892,0.03784865986070205
9.441233140655106,0.04827269180426249,0.04836492173430796,0.04833686475518648,0.04820148213875981,0.047970650053756544,0.04573357844792807,0.038586509840278525
9.460500963391135,0.04954275207378933,0.049606138264900325,0.049550336756050216,0.04938799994452159,0.04913089004564024,0.046771558080733106,0.03942206086613367
9.479768786127167,0.044372599261417255,0.044562430368828725,0.04462943663544052,0.044586411059611156,0.04444521089726857,0.04261711938248648,0.0361185120143955
9.499036608863198,0.04436544170629281,0.044554820138328434,0.044621310461358,0.04457778351788635,0.04443612234117906,0.042606433946653643,0.03610713800604358
9.518304431599228,0.04064650297895495,0.040929065172923614,0.04108632997276126,0.0411309934116403,0.04107491574841217,0.03963564197717136,0.03375503215503624
9.53757225433526,0.03918276840898665,0.03950091030661557,0.039692704827422536,0.03977091482960113,0.03974743640294146,0.038457751848244,0.032817390038351824
9.556840077071291,0.03949372793422171,0.039802663710387584,0.039985322337240226,0.04005465626910245,0.04002262129154931,0.03869503637875207,0.03299873688513899
9.57610789980732,0.03756755792936345,0.03792491629384661,0.03815476444403495,0.03826994457414397,0.03828239416097641,0.03715761112811499,0.03178222510931813
9.595375722543352,0.041742085156160506,0.04199591537072768,0.04212503916827156,0.04214236247422112,0.04205980457047465,0.040500758826297584,0.034434079439471674
9.614643545279383,0.04033571197143348,0.040624606037197794,0.0407878663433446,0.040838354356472574,0.04078798789579501,0.03937593314129576,0.033542698934967446
9.633911368015413,0.03831827066836074,0.038655713779198395,0.0388660305116554,0.038962235033667254,0.038956314563542246,0.03774861602347941,0.03224505505738751
9.653179190751445,0.04171276607785739,0.04196659825120539,0.04209563704438301,0.04211287763651514,0.042030269063473166,0.04047157896520183,0.0344075985134471
9.672447013487474,0.04451935797038509,0.044703848401323604,0.04476545475644209,0.044717182695913946,0.044570958333108784,0.042721279634642326,0.0361933111967855
9.691714836223506,0.04553444678231385,0.04569427735212723,0.04573195333638098,0.04566043227216213,0.04549161483631936,0.04353825063027138,0.03684371481819901
9.710982658959537,0.045606719266096406,0.04576715669312504,0.045805710646542964,0.04573504298480479,0.045566956049794445,0.04361498789682204,0.036915617970721494
9.730250481695567,0.04677735813493977,0.04690793937299066,0.046917346914079595,0.04681836246405956,0.04662281694261712,0.044546007970498305,0.037650331290132406
9.749518304431598,0.04759952585288979,0.04770974551906956,0.04769934630513636,0.047581118984984946,0.04736688974424429,0.045204657934608636,0.03817291566516553
9.76878612716763,0.04375873434017798,0.043965197178579093,0.044048553485564836,0.0440214127310141,0.043895577326614456,0.042136575297226114,0.03574380912593557
9.78805394990366,0.04384861801895278,0.044052888838718565,0.044134116938059485,0.0441049085705745,0.04397706424071502,0.0422088497230176,0.03580130929291679
9.80732177263969,0.04634268066164227,0.0464860479057399,0.04650813559882574,0.04642147066677999,0.04623780396789171,0.044213666506523426,0.037395936446139116
9.826589595375722,0.049230918789762115,0.049303410679949956,0.049256632729601374,0.049103062829227676,0.048854408490235854,0.046532614143766284,0.039238836265980695
9.845857418111752,0.050694198632304566,0.05072991577518224,0.050647300846627726,0.050458914126774494,0.05017647658237697,0.04770065821095864,0.0401631206246954
9.865125240847783,0.04959374393566015,0.04965675219200583,0.04960068925077562,0.04943809860788025,0.049180706031776024,0.04681936395869847,0.039464059085001155
9.884393063583815,0.05196057975032337,0.05196418020584477,0.051850233238214666,0.051631406346423665,0.05131944400407371,0.04870924827590113,0.0409598879115502
9.903660886319845,0.05155570608156497,0.05156957785322062,0.05146565165011874,0.0512565602821645,0.050954040572115035,0.048386818840472676,0.04070519002399568
9.922928709055876,0.052666241486157145,0.052653313407124,0.0525234020158293,0.05228906536612776,0.05196200515075531,0.049282012640102416,0.04141868591645022
9.942196531791907,0.05938994322260997,0.05921113899021169,0.05891994822388189,0.05852892382826589,0.058049702587429565,0.05467350278120424,0.04569933573644454
9.961464354527937,0.05708299845540697,0.056961028757813024,0.056725088048378225,0.05638774072459872,0.05596064905342252,0.05282303025192232,0.04422976577893681
9.980732177263969,0.061545581090003076,0.061315160834639754,0.060973972906735084,0.06053437505127938,0.06000791933112641,0.05641432583983262,0.04708867181132471
10.0,0.0610966299880796,0.060878491861852055,0.06054939103990676,0.06012153638672001,0.05960643501397774,0.05606381046611577,0.04681591588573191
